IDPeticion;Codi;Nom;SSTT;DataPlanificada;Data tancament ;Excedent previst ;EXCENDENT que té el centre  ;Incidental pendent previst ;Equips en incidencia CENTRE ;Equips a recollir a la visita (excedents mès averiats) previst;equips retirats ;disposen del total del equips a retirar ?;e-Valisa necessària?;e-Valisa sol·licitada;e-Valisa rebuda;MOTIU discrepancia ;observacions;Columna1;;;;;;
2198644;17003306;INSTITUT SANT ELM;GIR;3/11/2025;3/11/2025;19;0;59;35;59;35;NO;SI;;;retirat per servei ;;;;;;;;
2198661;43011479;INSTITUT TARRAGONA;TAR;3/11/2025;3/11/2025;71;5;49;59;71;59;NO;SI;SI;SI;;;;;;;;;
2198662;25007189;INSTITUT MARIA RÚBIES;LLE;3/11/2025;3/11/2025;1;1;39;39;39;39;SI;NO;;;;;;;;;;;
2198663;25002726;INSTITUT GUINDÀVOLS;LLE;3/11/2025;3/11/2025;23;23;35;41;35;41;SI;NO;;;El centre entrega mes equipament del previst , indicant que el te com a excedent;te mes incidental ;;;;;;;
2198654;08020474;INSTITUT LLUÍS DE PEGUERA;CCE;3/11/2025;3/11/2025;41;41;135;135;135;135;SI;NO;;;;;;;;;;;
2198665;25002787;INSTITUT JOAN ORÓ;LLE;4/11/2025;4/11/2025;15;71;31;31;31;102;SI;NO;;;El centre entrega mes equipament del previst , indicant que el te com a excedent;;;;;;;;
2198666;25002684;INSTITUT SAMUEL GILI I GAYA;LLE;4/11/2025;4/11/2025;4;4;27;36;27;40;SI;NO;;;te mes incidental ;;;;;;;;
2198801;43006681;INSTITUT DE LA SÉNIA;TEB;4/11/2025;4/11/2025;26;1;25;25;26;26;SI;NO;;;te mes incidental ;;;;;;;;
2198668;17005649;INSTITUT CENDRASSOS;GIR;5/11/2025;5/11/2025;95;92;75;75;95;92;NO;NO;;;El centre ha lliurat l’equipament excedent a alumnat d’altres nivells.;;;;;;;;
2198669;8034011;INSTITUT FREDERIC MOMPOU;BLL;5/11/2025;5/11/2025;87;35;3;3;87;35;NO;SI;SI;SI;El centre ha lliurat l’equipament excedent a alumnat d’altres nivells.;Assessor BLL: Discrepància del número de portàtils dotats i la matrícula actual. No els hi quadra aquests 87 portàtils. Podem comprovar aquestes dades?;;;;;;;
2198670;08014115;INSTITUT FERRAN TALLADA;CEB;5/11/2025;5/11/2025;107;107;0;0;107;107;SI;NO;;;;;;;;;;;
2198671;08071196;INSTITUT CAN ROCA;VOC;5/11/2025;5/11/2025;84;84;23;23;84;84;SI;NO;;;;;;;;;;;
2198672;43010852;INSTITUT ROSETA MAURI;TAR;5/11/2025;5/11/2025;38;32;14;14;38;32;NO;SI;;;EQUIPAMENT PERDUT ;centre ha de fer denúncia;;;;;;;
2198673;43004438;INSTITUT DERTOSA;TEB;5/11/2025;5/11/2025;79;36;27;27;79;36;NO;SI;SI;SI;El centre ha lliurat l’equipament excedent a alumnat d’altres nivells.;S'ha quedat que a final de curs hauran de canviar 30 equips dels vells pels 30 dels nous que van arribar per poder enretirar els que fan falta;;;;;;;
2198675;8047376;INSTITUT LLOBREGAT;CCE;5/11/2025;5/11/2025;57;0;29;28;57;28;NO;SI;SI;SI;El centre ha lliurat l’equipament excedent a alumnat d’altres nivells.;;;;;;;;
2198676;25006781;INSTITUT ALFONS COSTAFREDA;LLE;5/11/2025;5/11/2025;5;4;26;25;26;25;NO;NO;;;El centre ha lliurat l’equipament excedent a alumnat d’altres nivells.;;;;;;;;
2198677;25005727;INSTITUT ALMATÀ;LLE;5/11/2025;5/11/2025;16;10;26;32;26;32;NO;SI;;;te mes incidental ;;;;;;;;
2198667;08043656;INSTITUT MARINA;MVO;5/11/2025;6/11/2025;101;86;30;50;101;86;NO;SI;;;El centre ha lliurat l’equipament excedent a alumnat d’altres nivells.;;;;;;;;
2198674;08077472;Institut Intermunicipal del Penedès;PEN;6/11/2025;6/11/2025;69;64;2;2;69;64;NO;SI;SI;SI;El centre ha lliurat l’equipament excedent a alumnat d’altres nivells.;Repartits a alumnat d'altres nivells.;;;;;;;
2198682;43008432;INSTITUT SANT PERE I SANT PAU;TAR;6/11/2025;6/11/2025;36;30;15;15;36;30;NO;SI;SI;SI;El centre ha lliurat l’equipament excedent a alumnat d’altres nivells.;;;;;;;;
2198683;25000833;INSTITUT CIUTAT DE BALAGUER;LLE;6/11/2025;6/11/2025;25;25;0;27;27;27;SI;NO;;;;;;;;;;;
2198684;25009186;INSTITUT LA VALIRA;APA;6/11/2025;6/11/2025;25;17;17;17;25;17;NO;SI;;;EQUIPAMENT PERDUT ;centre ha de fer denúncia;;;;;;;
2198685;17002557;INSTITUT BAIX EMPORDÀ;GIR;7/11/2025;7/11/2025;60;37;5;5;60;37;NO;SI;;;El centre ha lliurat l’equipament excedent a alumnat d’altres nivells.;Centre que va elevar queixa a SG, la Roser va dir que ho gestionaria, de moment resto a l'espera (MARC);;;;;;;
2198686;08053212;INSTITUT JONQUERES;VOC;7/11/2025;7/11/2025;79;79;8;8;79;79;SI;NO;;;;;;;;;;;
2198687;08066905;INSTITUT VILADOMAT;CEB;7/11/2025;7/11/2025;25;25;74;58;74;58;NO;SI;SI;SI;retirat per servei ;;;;;;;;
2198688;8025605;INSTITUT CAMPS BLANCS;BLL;7/11/2025;7/11/2025;73;10;44;13;73;13;NO;SI;SI;SI;El centre ha lliurat l’equipament excedent a alumnat d’altres nivells.;Assessor BLL:  Es truca el 24-11-25, es parla amb la secretària de l'ED, informant de l'enviament del correu on s'explica el contingutr de l'evalisa a enviar.;;;;;;;
2198689;08059329;INSTITUT CAN PEIXAUET;BNS;7/11/2025;7/11/2025;69;26;12;12;69;26;NO;SI;SI;SI;EQUIPAMENT ROBAT;Assessor BNS trucat 4-12: Han fet denúncia i han recuperat uns 16 ordinadors. Comento que facin evalisa perquè també tenen repartits a Batxillerat.;;;;;;;
2198690;08052979;INSTITUT JOSEP PUIG I CADAFALCH;MVO;7/11/2025;7/11/2025;16;16;57;57;57;57;SI;NO;;;;;;;;;;;
2198694;43010347;INSTITUT MARTA MATA;TAR;7/11/2025;7/11/2025;25;31;3;6;25;31;SI;NO;;;El centre entrega mes equipament del previst , indicant que el te com a excedent;;;;;;;;
2198695;25005582;INSTITUT TERRES DE PONENT;LLE;7/11/2025;7/11/2025;24;29;20;20;24;29;SI;NO;;;El centre entrega mes equipament del previst , indicant que el te com a excedent;;;;;;;;
2198696;25006483;INSTITUT CANIGÓ;LLE;7/11/2025;7/11/2025;4;4;18;18;18;18;SI;NO;;;El centre entrega mes equipament del previst , indicant que el te com a excedent;;;;;;;;
2198632;08079341;INS NOU DE VIC;CCE;29/10/2025;29/10/2025;207;17;0;0;207;17;NO;;;;EQUIPAMENT PERDUT ;subrogació de centre  anteriorment eren INS DE VIC ;;;;;;;
2198636;08044922;INSTITUT DR. PUIGVERT;CEB;29/10/2025;29/10/2025;133;73;38;38;133;73;NO;SI;SI;No vàlida;El centre ha lliurat l’equipament excedent a alumnat d’altres nivells.;CD: No volen fer denúncies;;;;;;;
2198639;43003641;INSTITUT ANTONI DE MARTÍ I FRANQUÈS;TAR;29/10/2025;29/10/2025;95;95;6;6;95;95;SI;NO;;;;;;;;;;;
2198640;25009836;INSTITUT LA MITJANA;LLE;29/10/2025;29/10/2025;24;24;64;64;64;64;SI;NO;;;;;;;;;;;
2198657;17002545;INSTITUT FREDERIC MARTÍ I CARRERAS;GIR;29/10/2025;29/10/2025;133;17;0;0;133;17;NO;SI;;;pilot al juny;Pilot a juny, la Roser va dir que ho gestionaria, de moment resto a l'espera (MARC);;;;;;;
2198634;08053236;INSTITUT ROVIRA-FORNS;VOC;29/10/2025;30/10/2025;96;95;141;140;141;140;SI;NO;;;;;;;;;;;
2198637;08046803;INSTITUT VILATZARA;MVO;29/10/2025;30/10/2025;36;71;132;132;132;167;SI;NO;;;El centre entrega mes equipament del previst , indicant que el te com a excedent;;;;;;;;
2198642;17005741;INSTITUT PERE BORRELL;APA;30/10/2025;30/10/2025;32;32;46;45;46;45;SI;NO;;;;;;;;;;;
2198643;25006513;INSTITUT MANUEL DE MONTSUAR;LLE;30/10/2025;30/10/2025;4;4;45;54;45;54;SI;NO;;;El centre entrega mes equipament del previst , indicant que el te com a excedent;;;;;;;;
2198646;43013075;INSTITUT ESCOLA ÀNGEL DE TOBIES;PEN;31/10/2025;31/10/2025;58;19;8;8;58;19;NO;SI;SI;;El centre ha lliurat l’equipament excedent a alumnat d’altres nivells.;IE Centre de màxima complexitat amb un 99% d'alumnat vulnerable. Equipament lliurat a matricula viva i alumnat 5è;;;;;;;
2198648;08044983;INSTITUT LLUÍS COMPANYS;MVO;31/10/2025;31/10/2025;64;74;12;12;64;74;SI;NO;;;El centre entrega mes equipament del previst , indicant que el te com a excedent;;;;;;;;
2198649;08054174;INSTITUT LA RIBERA;VOC;31/10/2025;31/10/2025;55;36;0;0;55;36;NO;SI;SI;No vàlida;El centre ha lliurat l’equipament excedent a alumnat d’altres nivells.;Evalisa reclamada de nou (19 de gener/parlat amb el secretari). Enviat correu recordatori el  23);;;;;;;
2198652;25007153;INSTITUT D'ALCARRÀS;LLE;31/10/2025;31/10/2025;44;44;30;30;44;44;SI;NO;;;;;;;;;;;
2198702;8061038;INSTITUT DE VILANOVA DEL VALLÈS;MVO;11/10/2025;11/11/2025;98;62;16;16;98;62;NO;SI;;;El centre ha lliurat l’equipament excedent a alumnat d’altres nivells.;;;;;;;;
2198697;17000551;INSTITUT SA PALOMERA;GIR;11/10/2025;11/10/2025;78;78;13;13;78;78;SI;NO;;;;;;;;;;;
2198709;17009795;INSTITUT ESCOLA FRANCESC CAMBÓ I BATLLE;GIR;11/11/2025;11/11/2025;52;53;12;12;52;53;SI;NO;;;El centre entrega mes equipament del previst , indicant que el te com a excedent;;;;;;;;
2198701;8044570;INSTITUT VALL D'ARÚS;BLL;10/11/2025;10/11/2025;65;0;27;0;65;0;NO;SI;;;No es retira res perque el centre indica que no tenen cap equipamet d'excedent i el material amb incidental el tenen els alumnes pendent de reparació.;Assessor BLL: En principi, amb data 19-12-2025, m'informa l'Adelina per correu, que s'estava executant la retirada dels portàtils excedents. Reviseu aquesta dada.;;;;;;;
2198700;8035209;INSTITUT PABLO R. PICASSO;CEB;10/11/2025;10/11/2025;84;69;6;6;84;69;NO;SI;SI;SI;El centre ha lliurat l’equipament excedent a alumnat d’altres nivells.;lliurats a batxillerat;;;;;;;
2198711;8063801;INSTITUT DE COLLBATÓ;BLL;11/11/2025;11/11/2025;61;60;49;49;61;60;NO;NO;;;El centre indica que un dels equips d'excedent s'ha entregat a un alumne.;Asssessor BLL: Aquest centre incrementarà un alumne al gener de 2026 que està fent un programa d'estudis a l'estranger i no consta a la matrícula del centre. En aquest cas es demana no fer cap mena d'actuació ja que al gener la matrícula quadrarà amb les dades, que és d'un portàtil;;;;;;;
2198713;8075074;INSTITUT DE SANTA COLOMA DE GRAMENET;BNS;11/11/2025;11/11/2025;61;0;32;0;61;0;NO;SI;SI;SI;El centre indica que un dels equips d'excedent s'ha entregat a un alumne.;Assessor BNS: Excedents fets servir per cobrir incidències i INDIC no actualitzat abans del 15 d'octubre;;;;;;;
2198714;8053042;INSTITUT MIQUEL MARTÍ I POL;CCE;11/11/2025;11/11/2025;47;47;22;47;47;47;SI;NO;;;;;;;;;;;
2198710;8045021;INSTITUT ESTELA IBÈRICA;VOC;11/11/2025;11/11/2025;77;77;17;17;77;77;SI;NO;;;;;;;;;;;
2198707;25005685;INSTITUT LA SEGARRA;LLE;10/11/2025;10/11/2025;12;0;16;16;16;16;SI;NO;;;;;;;;;;;
2198718;25004188; INSTITUT JOAN BRUDIEU;APA;11/11/2025;11/11/2025;2;2;13;0;2;2;NO;NO;;;incidental ja substituït amb anterioritat;;;;;;;;
25010334;2198708;INSTITUT ESCOLA MAGRANERS;LLE;10/11/2025;10/11/2025;16;14;2;0;16;10;NO;SI;SI;SI;El centre ha lliurat l’equipament excedent a alumnat d’altres nivells.;;;;;;;;
2198706;43007646;INSTITUT DE CONSTANTÍ;TAR;11/10/2025;11/10/2025;22;3;9;11;22;14;NO;SI;SI;;El centre ha lliurat l’equipament excedent a alumnat d’altres nivells.;;;;;;;;
2198681;8044168;INSTITUT PLA DE LES MORERES;PEN;11/10/2025;11/10/2025;47;11;4;3;47;14;NO;SI;SI;SI;El centre ha lliurat l’equipament excedent a alumnat d’altres nivells.;Conversa directora. 28/11/2025. Esperant confirmació del num ordinadors que s'han endut. Repartits a alumnat de Batxillerat.;;;;;;;
2198717;43008523;INSTITUT VILA-SECA;TAR;11/11/2025;11/11/2025;22;0;18;22;21;22;No;NO;;;EQUIPAMENT ROBAT;;;;;;;;
2198692;43013099;INSTITUT ESCOLA AGUSTÍ BARBERÀ;TEB;11/11/2025;11/11/2025;47;30;5;5;47;35;NO;SI;;;El centre ha lliurat l’equipament excedent a alumnat d’altres nivells.;;;;;;;;
2198719;8046669;INSTITUT RIBOT I SERRA;VOC;12/11/2025;12/11/2025;76;19;1;19;76;19;NO;SI;SI;SI;El centre ha lliurat l’equipament excedent a alumnat d’altres nivells.;reunió via meet ambla coordinadora i la secretària per repassar INDIC i demanar evalisa (5/12);;;;;;;
2198728;8068616;INSTITUT BAGES SUD;CCE;12/11/2025;12/11/2025;35;35;10;10;35;35;SI;NO;;;;;;;;;;;
2198724;8043978;INSTITUT DANIEL BLANXART I PEDRALS;BLL;12/11/2025;12/11/2025;52;38;11;31;52;38;NO;SI;SI;SI;El centre ha lliurat l’equipament excedent a alumnat d’altres nivells.;Assessor: Es truca el 24-11-25, es parla amb el director i s'acorda l'enviament de l'evalisa.;;;;;;;
2198721;8034217;INSTITUT BERNAT EL FERRER;BLL;12/11/2025;12/11/2025;59;59;33;59;59;59;SI;NO;;;;;;;;;;;
2198729;25007700;INSTITUT ERMENGOL IV;LLE;12/11/2025;12/11/2025;9;0;1;10;10;10;SI;NO;;;;;;;;;;;
2198730;25007025;INSTITUT MORELLÓ;LLE;12/11/2025;12/11/2025;9;0;7;11;11;11;SI;NO;;;;;;;;;;;
2198693;8060514;INSTITUT DE MASQUEFA;PEN;12/11/2025;12/11/2025;45;0;36;18;45;18;NO;SI;SI;;El centre indica que un dels equips d'excedent s'ha entregat a un alumne.;Intentant contactar amb la directora Gemma.... 3 trucades ja. // Ordinadors entregats a Batxillerat i matricula viva. ;;;;;;;
2198727;43008390;INSTITUT TORREFORTA;TAR;12/11/2025;12/11/2025;15;17;0;12;29;29;SI;NO;;;;;;;;;;;
2198723;17006939;INSTITUT SANTA EUGÈNIA;GIR;12/11/2025;12/11/2025;46;38;36;36;46;38;NO;SI;;;EQUIPAMENT ROBAT;No tenen denuncia.;;;;;;;
2198736;8075293;INSTITUT ESCOLA GAVÀ MAR;BLL;13/11/2025;13/11/2025;52;49;48;49;52;49;NO;NO;;;;;;;;;;;
2198735;8072292;INSTITUT ESCOLA TURÓ DE ROQUETES;CEB;13/11/2025;13/11/2025;52;44;3;7;52;44;NO;SI;SI;;El centre ha lliurat l’equipament excedent a alumnat d’altres nivells.;lliurats a 5é de primaria ;;;;;;;
2198734;8047492;INSTITUT RIBERA BAIXA;BLL;13/11/2025;13/11/2025;52;21;21;21;52;21;NO;SI;SI;SI;El centre ha lliurat l’equipament excedent a alumnat d’altres nivells.;Assessor BLL: Assessor: Es truca el 24-11-25, es parla amb la directora i s'acorda l'enviament de l'evalisa.;;;;;;;
2198739;43006654;INSTITUT CAMBRILS;TAR;13/11/2025;13/11/2025;15;0;3;13;15;13;NO;NO;;;El centre ha lliurat l’equipament excedent a alumnat d’altres nivells.;no indiquen a quin alumnat ;;;;;;;
2198704;8073193;INSTITUT BADIA I MARGARIT;PEN;13/11/2025;13/11/2025;44;25;8;8;44;25;NO;SI;SI;SI;Centre indica que mai ha tingut aquest excedent;el centre els ha llurat a alumnat de batxillerat.;;;;;;;
2198742;25008352;INSTITUT DE LA POBLA DE SEGUR;APA;13/11/2025;13/11/2025;5;0;0;5;5;5;SI;NO;;;;;;;;;;;
2198740;8059524;INSTITUT DE NAVARCLES;CCE;13/11/2025;13/11/2025;32;32;22;22;32;32;SI;NO;;;;;;;;;;;
2198767;8046785;INSTITUT D'ALELLA;MVO;13/11/2025;13/11/2025;4;7;3;3;4;7;SI;NO;;;El centre entrega mes equipament del previst , indicant que el te com a excedent;;;;;;;;
2198733;17010037;INSTITUT EL BRUC;GIR;13/11/2025;13/11/2025;42;30;12;12;42;30;NO;SI;SI;No vàlida;El centre ha lliurat l’equipament excedent a alumnat d’altres nivells. (MARC: El centre NO té altres nivells 😅);(MARC) Parlat amb direcció 09/12 i faran valisa;;;;;;;
2198720;8070908;INSTITUT ESCOLA LA TORDERA;MVO;12/11/2025;13/11/2025;69;35;4;4;69;35;NO;SI;SI;;El centre ha lliurat l’equipament excedent a alumnat d’altres nivells.;no indiquen a quin alumnat ;;;;;;;
2198748;8076391;INSTITUT PEDRALBES;CEB;14/11/2025;14/11/2025;48;48;8;8;48;48;SI;NO;;;;;;;;;;;
2198747;8067144;INSTITUT DE CERVELLÓ;BLL;14/11/2025;14/11/2025;51;50;30;30;51;50;NO;NO;;;equip a retirar sense sn ni sace identificatiu ( esborrat) ;;;;;;;;
2198746;8047509;INSTITUT ÍTACA;BLL;14/11/2025;14/11/2025;51;26;16;24;51;26;NO;SI;SI;SI;El centre ha lliurat l’equipament excedent a alumnat d’altres nivells. Lliurats a batxillerat;Assessor BLL: Assessor: Es truca el 24-11-25, es parla amb la directora i s'acorda l'enviament de l'evalisa.;;;;;;;
2198752;8068380;INSTITUT GURB;CCE;14/11/2025;14/11/2025;28;28;25;25;28;28;SI;NO;;;;;;;;;;;
2198743;8053170;INSTITUT POLINYÀ;VOC;14/11/2025;14/11/2025;69;25;68;25;69;25;NO;SI;SI;SI;EQUIPAMENT ROBAT;centre adjunta denuncia. Es truca el centre el 0237/12, reclamant evalisa. Ho faran abans d'acabar la setmana;Evalisa reclamada al gener;;;;;;
2198754;25007499;INSTITUT L'OLIVERA;LLE;14/11/2025;14/11/2025;1;0;0;1;1;1;SI;NO;;;;;;;;;;;
2198753;25006288;INSTITUT DE TREMP;APA;14/11/2025;14/11/2025;1;1;0;0;1;1;SI;NO;;;;;;;;;;;
2198705;8035246;INSTITUT GELIDA;PEN;14/11/2025;14/11/2025;43;0;3;28;43;28;NO;SI;SI;No vàlida;El centre ha lliurat l’equipament excedent a alumnat d’altres nivells.;no saben a qui els han lliurat. REVISANT INDIC;;;;;;;
2198751;43007661;INSTITUT RAMON DE LA TORRE;TAR;14/11/2025;14/11/2025;12;12;3;3;12;12;SI;NO;;;;;;;;;;;
2198761;8034621;INSTITUT DE SALES;BLL;17/11/2025;14/11/2025;58;58;58;58;58;58;SI;NO;;;;;;;;;;;
2198658;8063229;INSTITUT MONTPEDRÓS;BLL;17/11/2025;14/11/2025;106;94;59;50;106;94;NO;SI;SI;SI;no han tingut mai aquest excedent ;Assessor BLL: tenen 8 portàtils repartits a BATX i tenen 4 amb INC més en estoc per ser recollits.;;;;;;;
2198763;43012812;INSTITUT ESCOLA L'AGULLA;TAR;17/11/2025;17/11/2025;10;0;4;8;10;8;NO;NO;;;El centre ha lliurat l’equipament excedent a alumnat d’altres nivells.;no saben a qui els han lliurat;;;;;;;
2198715;43010372;INSTITUT LA TALAIA;PEN;17/11/2025;17/11/2025;6;1;81;84;81;83;SI;NO;;;;;;;;;;;
2198765;8058404;INSTITUT CIRVIÀNUM DE TORELLÓ;CCE;17/11/2025;17/11/2025;21;21;20;20;21;21;SI;NO;;;;;;;;;;;
2198759;8045471;INSTITUT POMPEU FABRA;BNS;17/11/2025;17/11/2025;116;116;;;116;116;SI;NO;;;;;;;;;;;
2198653;25009733;INSTITUT JOAN SOLÀ;LLE;17/11/2025;17/11/2025;36;24;41;44;41;29;NO;SI;SI;SI;El centre ha lliurat l’equipament excedent a alumnat d’altres nivells.;lliurats a matricula viva ;;;;;;;
2198716;43010414;INSTITUT COSTER DE LA TORRE;PEN;18/11/2025;18/11/2025;17;0;64;77;64;77;SI;NO;;;;;;;;;;;
2198774;43002594;INSTITUT BAIX CAMP;TAR;18/11/2025;18/11/2025;36;0;83;122;83;122;SI;NO;;;;;;;;;;;
2198775;8067636;INSTITUT MANRESA SIS;CCE;18/11/2025;18/11/2025;25;21;21;21;25;21;NO;NO;;;El centre ha lliurat l’equipament excedent a alumnat d’altres nivells.;no saben a qui els han lliurat;;;;;;;
2198771;8053297;INSTITUT DE PALLEJÀ;BLL;18/11/2025;18/11/2025;48;49;45;49;48;49;SI;NO;;;;;;;;;;;
2198770;8043462;INSTITUT ERNEST LLUCH;CEB;18/11/2025;18/11/2025;68;19;63;19;68;19;NO;SI;SI;;El centre entrega mes equipament del previst , indicant que el te com a excedent;te mes incidental ;;;;;;;
2198780;8057540;INSTITUT JOAN BROSSA;CEB;19/11/2025;19/11/2025;24;0;61;57;61;57;NO;NO;;;El centre entrega mes equipament del previst , indicant que el te com a excedent;te mes incidental ;;;;;;;
2198779;8077289;INS ESC VILADECANS;BLL;19/11/2025;19/11/2025;26;0;45;40;45;40;NO;SI;SI;SI;El centre ha lliurat l’equipament excedent a alumnat d’altres nivells. no saben a qui els han lliurat;Assessor BLL: Han de comprovar que tinguin excedents reals d'aquest 5 portàtils que queden. Si els tenen localitzats, enviaran evalisa.;;;;;;;
2198782;43004611;INSTITUT JAUME HUGUET;TAR;19/11/2025;19/11/2025;15;15;75;99;75;99;SI;NO;;;;;;;;;;;
2198725;8042056;INSTITUT CAN PUIG;PEN;19/11/2025;19/11/2025;13;0;48;52;48;52;NO;NO;;;El centre ha lliurat l’equipament excedent a alumnat d’altres nivells.;no saben a qui els han lliurat;;;;;;;
2198784;8052891;INSTITUT L'ALT BERGUEDÀ;CCE;19/11/2025;19/11/2025;25;25;21;21;25;25;SI;NO;;;;;;;;;;;
2198776;8053145;INSTITUT CASTELLBISBAL;VOC;19/11/2025;19/11/2025;67;84;19;19;67;84;SI;NO;;;;;;;;;;;
2198680;8014693;INSTITUT GUILLEM DE BERGUEDÀ;CCE;19/11/2025;19/11/2025;56;66;27;58;56;66;SI;NO;;;;;;;;;;;
2198790;8043681;INSTITUT MARIANAO;BLL;20/11/2025;20/11/2025;36;0;37;67;37;67;SI;NO;;;;;;;;;;;
2198789;8066541;INSTITUT MARIA ESPINALT ;CEB;20/11/2025;20/11/2025;1;0;58;58;58;58;SI;NO;;;;;;;;;;;
2198788;8053315;INSTITUT MONTSERRAT ROIG;BLL;20/11/2025;20/11/2025;32;0;39;39;39;39;SI;NO;;;;;;;;;;;
2198741;25010280; INSTITUT ESCOLA TORRE QUERALT;LLE;20/11/2025;20/11/2025;9;0;7;9;9;9;SI;NO;;;;;;;;;;;
2198726;43007221;INSTITUT ELS ALFACS;TEB;20/11/2025;20/11/2025;26;22;44;44;44;44;SI;NO;;;;;;;;;;;
2198793;43008407;INSTITUT EL MORELL;TAR;20/11/2025;20/11/2025;10;0;49;65;49;65;SI;NO;;;;;;;;;;;
2198794;8071214;INSTITUT ESCOLA CASTELLTERÇOL;CCE;20/11/2025;20/11/2025;25;25;7;7;25;25;SI;NO;;;;;;;;;;;
2198785;8054873;INSTITUT JOAQUIMA PLA I FARRERAS;VOC;20/11/2025;20/11/2025;67;47;33;33;67;47;No;SI;SI;SI;El centre ha lliurat l’equipament excedent a alumnat d’altres nivells.;;;;;;;;
2198798;8052797;"	INSTITUT SALVADOR ESPRIU";CEB;21/11/2025;21/11/2025;3;0;45;26;45;26;NO;SI;SI;No vàlida;El centre indica que nomès té disponibles i identificats 26 equips d' incidental.;;;;;;;;
2198802;43010748;INSTITUT ELS PALLARESOS;TAR;21/11/2025;21/11/2025;35;0;48;4;48;4;NO;SI;SI;;El centre ha lliurat l’equipament excedent a alumnat d’altres nivells.;;;;;;;;
2198737;8065019;INSTITUT DE VALLBONA D'ANOIA;PEN;21/11/2025;21/11/2025;41;30;16;7;41;37;NO;NO;;;Centre indica que mai ha tingut aquest excedent;;;;;;;;
2198810;8071226;"INSTITUT ESCOLA COSTA I LLOBERA	";CEB;24/11/2025;24/11/2025;8;8;38;43;38;43;NO;NO;;;El centre facilita tots el equips que tenen identificats com incidental al centre.;;;;;;;;
2198809;8047480;INSTITUT MEDITERRÀNIA;BLL;24/11/2025;24/11/2025;31;31;33;33;33;33;SI;NO;;;;;;;;;;;
2198808;8025654;INSTITUT JOAQUIM RUBIÓ I ORS;BLL;24/11/2025;24/11/2025;27;27;33;33;33;33;SI;NO;;;;;;;;;;;
2198738;8046645;INSTITUT MOLÍ DE LA VILA;PEN;24/11/2025;24/11/2025;32;0;40;115;40;115;SI;NO;;;En emportem material de mes, ;;;;;;;;
2198811;43006678;INSTITUT GABRIEL FERRATER I SOLER;TAR;24/11/2025;24/11/2025;18;0;37;37;37;37;SI;NO;;;;;;;;;;;
2198806;8035349;INSTITUT LA ROMÀNICA;VOC;24/11/2025;24/11/2025;62;62;23;23;62;62;SI;NO;;;;;;;;;;;
2198812;8046761;INSTITUT GUILLEM CATÀ;CCE;24/11/2025;24/11/2025;24;95;10;15;24;95;NO;NO;;;Tenen mes excedent previst;;;;;;;;
2198807;17005911;"INSTITUT RAMON COLL I RODÉS	";GIR;24/11/2025;24/11/2025;34;34;54;0;54;34;SI;NO;;;els hi van retirar els equips per servei, no té sentit demanar Valisa 🤔 (Rafa: corregit);;;;;;;;
2198815;8076145;"INSTITUT ESCOLA MAR MEDITERRÀNIA	";MVO;24/11/2025;24/11/2025;21;0;45;49;45;49;NO;NO;;;Centre indica que mai ha tingut aquest excedent;;;;;;;;
2198749;8047820;INSTITUT GUINOVARDA-PEN;PEN;25/11/2025;25/11/2025;36;0;13;0;36;36;SI;NO;;;;;;;;;;;
2198821;43000779;INSTITUT RAMON BERENGUER IV;TAR;25/11/2025;25/11/2025;7;0;34;34;34;34;SI;NO;;;;;;;;;;;
2198825;8062729;"INSTITUT PLA MARCELL	";MVO;25/11/2025;25/11/2025;3;41;43;40;43;81;NO;NO;;;Tenen mes excedent previst;;;;;;;;
2198817;17005388;"INSTITUT VALLVERA	";GIR;25/11/2025;25/11/2025;40;40;51;11;51;51;SI;NO;;;;;;;;;;;
2198819;08040540;INSTITUT EL CAIRAT;BLL;25/11/2025;25/11/2025;15;15;31;34;31;34;SI;NO;;;Ens donen 3 mes dintre del marge posible.;;;;;;;;
2198818;08021430;INSTITUT LLUÍS DE REQUESENS;BLL;25/11/2025;25/11/2025;12;12;32;30;32;30;NO;NO;;;Tenen menys incidental  del previst.;;;;;;;;
2198820;08013226;INSTITUT MENÉNDEZ Y PELAYO;CEB;25/11/2025;25/11/2025;13;13;36;36;36;36;SI;NO;;;;;;;;;;;
2198830;8077095;"	Institut Escola Mirades";CEB;26/11/2025;26/11/2025;19;19;34;27;34;27;NO;SI;SI;No vàlida;El centre ha lliurat l’equipament excedent a alumnat d’altres nivells.;;;;;;;;
2198829;8033900;"	INSTITUT JOAN MIRÓ";BLL;26/11/2025;26/11/2025;17;17;29;24;29;24;NO;SI;SI;;El centre fa entrega dels 24 equips amb incidental retirables que tenen identificats.;Assessor BLL: Tenen els 5 equips preparats per ser recollits (17-12-25);;;;;;;
2198828;8063813;INSTITUT CREU DE SABA;BLL;26/11/2025;26/11/2025;5;5;30;21;30;21;NO;SI;NO;;El centre facilita tots el equips que tenen identificats com incidental al centre.;Assessor BLL: Tenen algunes incidències més i 2 portàtils que han de fer denúncia. Les dades que aportem no els hi quadra amb les que tenen ja que estan fent ús de portàtils propis per l'ESO comprats abans del PEDC. Necessitem més informació d'aquest centre.;;;;;;;
2198638;8031681;INSTITUT FRANCESC XAVIER LLUCH I RAFECAS;PEN;26/11/2025;26/11/2025;120;30;35;15;35;45;SI;SI;SI;;;Repartits a bat i cicles. ;;;;;;;
2198826;8031770;INSTITUT CAN JOFRESA;VOC;26/11/2025;26/11/2025;52;52;20;22;52;52;SI;NO;;;;;;;;;;;
2198831;8076959;INSTITUT ESCOLA CARLES CAPDEVILA;CCE;26/11/2025;26/11/2025;20;20;0;0;20;20;SI;NO;;;;;;;;;;;
2198834;8072383;"INSTITUT DOMUS D'OLIVET	";MVO;26/11/2025;26/11/2025;30;0;42;37;42;37;SI;SI;SI;;;;;;;;;;
2198827;17005251;"INSTITUT EL PEDRÓ	";GIR;26/11/2025;26/11/2025;45;0;51;12;41;12;SI;SI;SI;;;(MARC) Parlat amb direcció 09/12 i faran valisa;;;;;;;
2198839;8052839;"	INSTITUT CONSELL DE CENT";CEB;27/11/2025;27/11/2025;23;23;28;39;28;39;NO;NO;;;El centre facilita tots el equips que tenen identificats com incidental al centre.;;;;;;;;
2198838;8059688;"INSTITUT MARIA AURÈLIA CAPMANY	";BLL;27/11/2025;27/11/2025;6;6;27;13;27;13;NO;SI;SI;;El centre facilita tots el equips que tenen identificats com incidental al centre.;Assessor BLL: Trucada i pendent enviament;;;;;;;
2198837;"	08043671";"	INSTITUT EL PALAU";BLL;27/11/2025;27/11/2025;22;22;29;22;29;22;NO;SI;SI;;El centre facilita tots el equips que tenen identificats com incidental al centre.;Assessor BLL: 5 portàtils amb INC per ser recollits. Desconec si són anteriors, però demano que es retirin per actualizar aquest excedent. Informo també a l'altre full de INC obertes i NO tancades, serien aquests mateixos.;;;;;;;
;43010748;INSTITUT ELS PALLARESOS;TAR;27/11/2025;27/11/2025;35;0;48;44;48;44;SI;NO;;;;;;;;;;;
2198840;8072176;INSTITUT DEL TER;CCE;27/11/2025;27/11/2025;19;19;4;4;19;19;SI;NO;;;;;;;;;;;
2198835;8061208;INSTITUT VACARISSES;VOC;27/11/2025;27/11/2025;55;55;26;23;55;55;SI;NO;;;;;;;;;;;
2198848;8013366;"	INSTITUT NOU BARRIS";CEB;28/11/2025;28/11/2025;7;7;17;32;17;32;NO;NO;;;El centre ha lliurat l’equipament excedent a alumnat d’altres nivells.;;;;;;;;
2198847;8064003;INSTITUT CAN MARGARIT;BLL;28/11/2025;28/11/2025;12;12;23;23;23;23;SI;NO;;;;;;;;;;;
2198750;8019630;INSTITUT PERE VIVES I VICH;PEN;28/11/2025;28/11/2025;36;0;35;24;36;24;NO;NO;SI;;;No saben on tenen repartits aquests ordinadors. // A la e-valisa (11/12/25) la directora exposa que ara els ordinadors els tenen incidentats i que es poden recollir. (Rafa: Es planifica una segona visita per recollir 12 ordinadors el dia 19/12/2025);;;;;;;
2198858;8047421;"	INSTITUT MONTSERRAT ROIG";CEB;1/12/2025;1/12/2025;2;2;17;16;17;16;NO;NO;;;1 equip en incidència ja va ser retirat amb anterioritat.;;;;;;;;
2198863;8077174;"Institut La Vall del Tenes	";MVO;1/12/2025;1/12/2025;19;0;38;4;38;4;NO;SI;SI;SI;El centre no te equips d'excedents i nomes te 4 d'incidencia;;;;;;;;
2198855;17000330;"INSTITUT JOSEP BRUGULAT	";GIR;1/12/2025;1/12/2025;30;26;45;18;45;44;NO;NO;;;;;;;;;;;
2198856;8076421;"	INSTITUT ESCOLA PEPA COLOMER	";BLL;1/12/2025;1/12/2025;7;7;18;7;18;7;NO;SI;SI;;El centre facilita 7 equips d'excendent amb incidental , no trova el resta d'equips identificats.;Assessor BLL: Han de fer denúncies d'alguns portàtils. No tenen més en estoc. Tenen incidentals posteriors al 15 d'octubre i per tant no poden entregar més. INC Desaparacions:REQ000012339312/REQ000012354917/REQ000012354761/REQ000012354848/REQ000012354680;;;;;;;
2198660;43004803;INSTITUT ANDREU NIN;PEN;1/12/2025;1/12/2025;110;110;5;5;110;110;SI;NO;;;;El centre va entregar els 110 ordinadors. He enviat l'albarà al Rafa Barrachina. ;;;;;;;
2198868;8012714;"INSTITUT ANNA GIRONELLA DE MUNDET	";CEB;2/12/2025;2/12/2025;14;14;17;33;17;33;NO;NO;;;El centre fa entrega que tots el equips amb incidental que tenen identificats.;;;;;;;;
2198866;8045689;"	INSTITUT VOLTRERA";BLL;2/12/2025;2/12/2025;2;2;15;15;15;15;SI;NO;;;;;;;;;;;
2243072;43007221;INSTITUT ELS ALFACS;TEB;2/12/2025;2/12/2025;;0;;17;;4;NO;NO;;;2na visita, en la primera es van deixar 17 equips;;;;;;;;
2198867;8035325;INSTITUT TORRENT DE LES BRUIXES;BNS;2/12/2025;2/12/2025;5;5;14;14;5;5;SI;NO;;;;;;;;;;;
2198864;8076820;INSTITUT ESCOLA SALA I BADRINAS;VOC;2/12/2025;2/12/2025;2;1;13;13;13;13;SI;NO;;;no tenen aquets equips en incidental ;;;;;;;;
2198869;8033924;INSTITUT PIUS FONT I QUER;CCE;2/12/2025;2/12/2025;17;36;3;3;17;36;NO;NO;;;;;;;;;;;
2198873;"08020838	";"INSTITUT MEDITERRÀNIA	";MVO;2/12/2025;2/12/2025;30;0;36;36;36;10;NO;SI;SI;;El centre nomes vol entregar 10 equips d'incidencia;;;;;;;;
2198865;"17001221	";"INSTITUT NARCÍS MONTURIOL	";GIR;2/12/2025;2/12/2025;3;1;43;41;43;41;NO;NO;;;El centre indica que no te mes equips excedents;;;;;;;;
2198878;8014188;INSTITUT JOSEP SERRAT I BON;CEB;3/12/2025;3/12/2025;3;3;16;14;16;14;NO;NO;;;El centre no trova 2 equips d'incidental.;;;;;;;;
2198877;8068495;"	INSTITUT JOSEFINA CASTELLVÍ I PIULACHS	";BLL;3/12/2025;3/12/2025;8;8;12;11;12;11;NO;NO;;;1 equip desaparegut pendent de denúncia.;;;;;;;;
2198876;8046657;INSTITUT JOAQUIM BLUME;BLL;3/12/2025;3/12/2025;6;6;13;13;13;13;NO;NO;;;;;;;;;;;
2198650;43008481;INSTITUT COLLBLANC;TAR;3/12/2025;3/12/2025;77;10;35;34;77;44;NO;SI;SI;SI;El centre ha lliurat l’equipament excedent a alumnat d’altres nivells.;;;;;;;;
2198679;8065342;INSTITUT XALOC;PEN;3/12/2025;3/12/2025;53;30;22;2;53;32;NO;SI;SI;SI;El centre ha lliurat l’equipament excedent a alumnat d’altres nivells.;Estan regularitzant la situació. El centre nomès té ESO. Hem vist que tenen 15 euipaments desapareguts i sense fer denúncia. La faran i seguim regularitzant. Finalment el centre ha entregat els equips a l'alumant de matrícula viva i té molts equips desapareguts que ara farà la pertinent denúncia. Centre de màxima complexitat. ;;;;;;;
2198764;8043981;INSTITUT JOAN RAMON BENAPRÈS;PEN;3/12/2025;3/12/2025;2;0;32;29;32;29;NO;NO;;;El centre ha lliurat l’equipament excedent a alumnat d’altres nivells.;diferència de menys 5. ;;;;;;;
2198862;43010335;INSTITUT LA MAR DE LA FRAU;TAR;3/12/2025;3/12/2025;4;0;25;17;25;14;NO;SI;;;El centre ha lliurat l’equipament excedent a alumnat d’altres nivells.;;;;;;;;
2198879;8063837;INSTITUT LES MARGUES;CCE;3/12/2025;3/12/2025;11;11;16;16;11;11;NO;NO;;;;;;;;;;;
2198874;8042020;INSTITUT VALLÈS;VOC;3/12/2025;3/12/2025;1;1;12;8;1;1;SI;NO;;;no tenen aquets equips en incidental ;;;;;;;;
2198888;8066565;"	Institut Joncar";CEB;4/12/2025;4/12/2025;5;2;16;2;16;2;NO;NO;;;El centre indica que el material amb incidental pendent ja va ser retirar amb anterioritat.;;;;;;;;
2198651;8057230;INSTITUT CUBELLES;PEN;4/12/2025;4/12/2025;54;0;35;0;54;0;NO;SI;SI;;El centre ha lliurat l’equipament excedent a alumnat d’altres nivells.;;;;;;;;
2198772;8065354;INSTITUT BAIX A MAR;PEN;4/12/2025;4/12/2025;32;0;10;10;32;10;NO;SI;SI;SI;El centre ha lliurat l’equipament excedent a alumnat d’altres nivells.;;;;;;;;
2198870;43002582;INSTITUT SALVADOR VILASECA;TAR;4/12/2025;4/12/2025;32;1;30;0;32;1;NO;SI;;;El centre ha lliurat l’equipament excedent a alumnat d’altres nivells.;;;;;;;;
2198773;8071238;INSTITUT ESCOLA JACINT VERDAGUER;PEN;4/12/2025;4/12/2025;32;0;30;14;32;14;NO;SI;SI;;El centre ha lliurat l’equipament excedent a alumnat d’altres nivells.;e-valisa rebuda però NO VALIDA. Regularitzant la situació.;;;;;;;
2198886;8033912;INSTITUT MERCÈ RODOREDA;BNS;4/12/2025;4/12/2025;9;0;11;8;11;8;NO;NO;;;equipament robat ;;;;;;;;
2198635;8037176;INSTITUT LA BASTIDA;BNS;4/12/2025;4/12/2025;139;26;10;9;139;35;NO;SI;SI;SI;El centre indica que no te mes equips excedents;Assessor BNS: El coordinador no va tenir temps per actualitzar INDIC abns de l'arribada del tècnic i alguns repartits a postoblilgatòria. Necessita posar ordre a INDIC i s'informa que faci evalisa.;;;;;;;
2198887;8076947;INSTITUT ESCOLA LLUÍS MILLET;BNS;4/12/2025;4/12/2025;3;2;8;8;8;8;NO;NO;;;El centre ha lliurat l’equipament excedent a alumnat d’altres nivells.;;;;;;;;
2198893;8052876;"INSTITUT D'ARGENTONA	";MVO;4/12/2025;4/12/2025;21;0;30;26;30;26;NO;NO;;;El centre no troba els 4 equips pendents;;;;;;;;
2198885;17005042;"INSTITUT CARLES RAHOLA I LLORENS	";GIR;4/12/2025;4/12/2025;18;0;19;7;19;7;NO;SI;SI;SI;;(MARC) Parlat amb direcció 14/01 i faran valisa;;;;;;;
2198898;8013470;INSTITUT BARRI BESÒS;CEB;5/12/2025;5/12/2025;5;5;13;7;13;7;NO;SI;SI;;El centre indica que els 6 equips d'incidental no retirats ja no es troben al centre.;(Rafa: entendre la ubicació d'aquests equips);;;;;;;
2198897;8064921;"	INSTITUT DE SANT ANDREU";BLL;5/12/2025;5/12/2025;2;2;6;6;6;6;NO;NO;;;;;;;;;;;
2198915;17010694;INSTITUT ESCOLA EL BRUEL-EMPURIABRAVA;GIR;9/12/2025;9/12/2025;2;2;7;6;7;6;NO;NO;;;Es retira tots els ordinadors amb incidencia;;;;;;;;
2198914;8076522;INSTITUT ESCOLA PALLEROLA;MVO;9/12/2025;9/12/2025;15;0;24;20;24;20;NO;NO;;;Es retira tots els ordinadors amb incidencia;(Rafa:retirats=20 i lliurats=9);;;;;;;
2198910;17006708;INSTITUT DE CELRÀ;GIR;9/12/2025;9/12/2025;27;0;38;36;38;36;NO;NO;;;Es retira tots els ordinadors amb incidencia;(Rafa:retirats=36 i lliurats=11);;;;;;;
2198913;8078361;INSTITUT ESCOLA SANT FELIP NERI;CEB;9/12/2025;9/12/2025;2;0;8;1;8;1;NO;NO;;;El centre indica que no disposa de material d'excedent i nomès té un equip amb incidental.;;;;;;;;
2198645;8039057;"	INSTITUT L'ALZINA";CEB;9/12/2025;9/12/2025;6;6;52;9;52;9;NO;SI;SI;;el centre indica que no te tots els equips en incidencia ;;;;;;;;
2198880;43006708;INSTITUT JOAN SEGURA I VALLS-TAR;TAR;9/12/2025;9/12/2025;5;0;13;13;13;13;SI;NO;;;;;;;;;;;
2198922;17001218;INSTITUT RAMON MUNTANER;GIR;10/12/2025;10/12/2025;26;0;34;33;34;33;NO;SI;;;Es retira tots els ordinadors amb incidencia;;;;;;;;
2198921;8015171;INSTITUT BISBE SIVILLA;MVO;10/12/2025;10/12/2025;19;0;23;21;23;21;NO;NO;;;Es retira tots els ordinadors amb incidencia;;;;;;;;
2198656;8077411;INS ESC SANT POL DE MAR;MVO;10/12/2025;10/12/2025;;0;;0;;0;NO;NO;;;el centre no lliura cap equipament ;;;;;;;;
2198791;8047364;INSTITUT JOAN MERCADER;PEN;10/12/2025;10/12/2025;3;0;29;28;29;28;SI;NO;;;;;;;;;;;
2198881;43006691;INSTITUT PRIORAT;TAR;10/12/2025;10/12/2025;8;0;12;12;12;12;SI;NO;;;;;;;;;;;
2198920;8013214;"INSTITUT NARCÍS MONTURIOL	";CEB;10/12/2025;10/12/2025;2;2;6;3;6;3;NO;NO;;;Es fa entrega de tot l'equipament amb incidència.;;;;;;;;
2198919;8064908;"	INSTITUT BEGUES";BLL;10/12/2025;10/12/2025;42;42;1;1;42;42;SI;NO;;;;;;;;;;;
2198918;8073077;"	INSTITUT MARIA CANELA";BLL;10/12/2025;10/12/2025;43;0;6;4;43;4;NO;SI;;;El centre indica que no te constancia dels 43 equips d'excedent.;Asessor BLL: Trucada 28-1-26. No tenen constància d'aquest prtàtils. La directora preguntarà al coordinador digital, si té més informació. Necessitat de revisar dades.;;;;;;;
2198760;8075657;"	INSTITUT ESCOLA ANTAVIANA";CEB;10/12/2025;10/12/2025;47;33;0;0;47;33;NO;SI;SI;;El centre indica que 14 equips d'excedent no han estat retornats pels alumnes.;;;;;;;;
2198916;8031873;INSTITUT ARNAU CADELL;VOC;10/12/2025;10/12/2025;43;22;2;2;45;22;NO;SI;SI;SI;El centre ho ha entregat a Batxillerat, que és una etapa que el necessiten molt. Entregaran la resta a final de curs. Parlat amb la secretària del centre;El centre ho ha entregat a Batxillerat, que és una etapa que el necessiten molt. Entregaran la resta a final de curs. Parlat amb la secretària del centre;;;;;;;
2198917;8046682;INSTITUT DE CASTELLAR;VOC;10/12/2025;10/12/2025;18;18;40;39;40;39;NO;NO;;;;;;;;;;;
2198927;8075670;"INSTITUT ESCOLA TRINITAT NOVA	";CEB;11/12/2025;11/12/2025;1;1;2;1;2;1;SI;NO;;;;;;;;;;;
2198926;8061129;"INSTITUT MONTSERRAT COLOMER	";BLL;11/12/2025;11/12/2025;38;38;2;1;38;39;SI;NO;;;;;;;;;;;
2198655;8066528;"	INSTITUT MARTÍ POUS";CEB;11/12/2025;11/12/2025;113;113;94;19;113;113;SI;NO;;;;;;;;;;;
2198792;8076960;INSTITUT ESCOLA RENAIXENÇA;PEN;11/12/2025;11/12/2025;28;28;13;0;28;28;SI;NO;;;;;;;;;;;
2198882;43008501;INSTITUT PONT DEL DIABLE;TAR;11/12/2025;11/12/2025;4;0;8;8;8;8;SI;NO;;;;;;;;;;;
2198923;8045306;INSTITUT RAMON CASAS I CARBÓ;VOC;11/12/2025;11/12/2025;37;27;3;3;37;27;NO;SI;SI;SI;El centre ha lliurat l’equipament excedent a alumnat d’altres nivells.;El director aten a meva trucada i enviaran l'evalisa.;;;;;;;
2198924;8030340;INSTITUT INVESTIGADOR BLANXART;VOC;11/12/2025;11/12/2025;33;33;40;39;40;39;NO;NO;;;El centre ha lliurat l’equipament excedent a alumnat d’altres nivells.;;;;;;;;
2198925;8076901;Institut Escola Turó d'en Caritg;BNS;11/12/2025;11/12/2025;39;4;0;0;39;4;NO;SI;SI;SI;El centre ha lliurat l’equipament excedent a alumnat d’altres nivells.;Assessor BNS: recordatori enviar evalisa fet 9-1-26;;;;;;;
2198929;17005662;INSTITUT SERRALLARGA;GIR;11/12/2025;11/12/2025;33;23;13;14;33;37;SI;NO;;;;;;;;;;;
2198928;8053030;INSTITUT DE LA ROCA DEL VALLÈS;MVO;11/12/2025;11/12/2025;22;0;23;22;23;22;NO;NO;;;Falta un equip que l'han robat i esta denunciat;;;;;;;;
2198935;17002399;INSTITUT LA GARROTXA;GIR;12/12/2025;12/12/2025;33;0;0;33;0;33;SI;NO;;;;;;;;;;;
2198934;8013093;"	INSTITUT MONTJUÏC";CEB;12/12/2025;12/12/2025;46;32;17;14;46;32;NO;SI;SI;;;;;;;;;;
2198933;8074628;"INSTITUT ROSA RIBAS PARELLADA	";BLL;12/12/2025;12/12/2025;38;38;22;1;38;39;SI;NO;;;;;;;;;;;
2198932;8041866;"	INSTITUT EL CALAMOT";BLL;12/12/2025;12/12/2025;38;33;35;33;35;33;NO;NO;;;;;;;;;;;
2198859;43006952;INSTITUT TORREDEMBARRA;TAR;12/12/2025;12/12/2025;23;0;31;30;31;30;SI;NO;;;;;;;;;;;
2198762;8065329;INSTITUT DE L'ALT FOIX;PEN;12/12/2025;12/12/2025;27;0;35;36;35;26;SI;NO;;;;;;;;;;;
2198939;17005364;INSTITUT CAP NORFEU;GIR ;15/12/2025;15/12/2025;31;20;32;2;32;22;NO;SI;;;;;;;;;;;
2198938;8040564;INSTITUT JAUME ALMERA;MVO;15/12/2025;15/12/2025;12;0;19;19;19;19;SI;NO;;;;;;;;;;;
2198942;8077149;"	INSTITUT ESCOLA EIXAMPLE";CEB;15/12/2025;15/12/2025;45;19;35;17;45;19;NO;SI;SI;;el centre indica que no te excedent , nomes entrega els equips incidentats ;;;;;;;;
2198941;8041519;"	INSTITUT MARTÍ DOT";BLL;15/12/2025;15/12/2025;33;33;1;6;33;33;SI;NO;;;;;;;;;;;
2198940;8017153;"	INSTITUT JOANOT MARTORELL	";BLL;15/12/2025;15/12/2025;35;35;31;32;35;35;SI;NO;;;;;;;;;;;
2198804;43008456;INSTITUT LES PLANES;TEB;15/12/2025;15/12/2025;23;5;10;10;23;15;SI;NO;;;;;;;;;;;
2198871;43008444;INSTITUT JOSEP TAPIRÓ;TAR;15/12/2025;15/12/2025;12;0;23;23;23;23;SI;NO;;;;;;;;;;;
2198891;43012083;INSTITUT ESCOLA PI DEL BURGAR;TAR;15/12/2025;15/12/2025;1;0;4;4;4;3;SI;NO;;;;;;;;;;;
2198813;8053352;INSTITUT MONTBUI;PEN;16/12/2025;16/12/2025;21;0;16;0;21;0;SI;NO;;;;;;;;;;;
2198892;43005704;INSTITUT FRANCESC VIDAL I BARRAQUER;TAR;16/12/2025;16/12/2025;1;253;4;6;1;259;SI;NO;;;;;;;;;;;
2198647;8033961;INSTITUT RAFAEL CASANOVA;BLL;16/12/2025;16/12/2025;9;9;52;38;52;38;NO;SI;SI;;El centre facilitat tots el equips d'excedent que tenen identificats.;;;;;;;;
2198903;8045859;INSTITUT CORBERA;BLL;16/12/2025;16/12/2025;49;36;11;11;49;36;NO;SI;;;El centre facilitat tots el equips d'excedent que tenen identificats.;;;;;;;;
2198905;8077484;Institut Escola Elisabets;CEB;16/12/2025;16/12/2025;6;0;10;11;10;11;SI;NO;;;;;;;;;;;
2198948;8053285;INSTITUT EL CASTELL;BLL;16/12/2025;16/12/2025;29;29;19;9;29;29;SI;NO;;;;;;;;;;;
2198949;8013101;INSTITUT JOAN D'ÀUSTRIA;CEB;16/12/2025;16/12/2025;36;8;29;0;36;8;NO;SI;SI;;;;;;;;;;
2198931;8043516;INSTITUT SANTA EULÀLIA;VOC;12/12/2025;12/12/2025;36;36;22;22;36;36;SI;NO;;;;;;;;;;;
2198930;8024777;INSTITUT EGARA;VOC;12/12/2025;12/12/2025;37;31;13;13;37;31;SI;NO;;;;;;;;;;;
2198937;8034591;INSTITUT JOAN OLIVER;VOC;15/12/2025;15/12/2025;21;17;22;22;22;17;NO;SI;SI;SI;El centre ha lliurat l’equipament excedent a alumnat d’altres nivells.;Evalises reclamades el 15 de gener;;;;;;;
2198936;8045562;INSTITUT CAN PLANAS;VOC;15/12/2025;15/12/2025;11;11;24;24;24;24;SI;NO;;;;;;;;;;;
2198906;8075256;INSTITUT ESCOLA MARTA MATA;CCE;15/12/2025;15/12/2025;4;2;4;2;2;2;SI;NO;;;;;;;;;;;
2198889;8079328;INS DE NAVAS;CCE;15/12/2025;15/12/2025;15;15;6;6;15;15;SI;NO;;;;;;;;;;;
2198965;8076561;INSTITUT ESCOLA EL VIVER;VOC;16/12/2025;16/12/2025;32;15;1;1;32;15;NO;SI;SI;;El centre ha lliurat l’equipament excedent a alumnat d’altres nivells.;Evalises reclamades el 15 de gener;;;;;;;
2198944;8021788;INSTITUT MONTSERRAT MIRÓ I VILA;VOC;16/12/2025;16/12/2025;7;7;21;21;21;21;SI;NO;;;;;;;;;;;
2198943;8030339;INSTITUT DE TERRASSA;VOC;16/12/2025;16/12/2025;3;2;21;14;21;16;NO;SI;SI;SI;El centre ha lliurat l’equipament excedent a alumnat d’altres nivells.;Evalises reclamades el 15 de gener;;;;;;;
2198947;8035143;INSTITUT MIQUEL MARTÍ I POL;BLL;17/12/2025;17/12/2025;32;28;10;1;32;28;NO;NO;;;El centre indica que no té cap equipament d'excedent identificat.;;;;;;;;
2198955;8053571;"	INST-ESC ART. ORIOL MARTOR";CEB;17/12/2025;17/12/2025;35;0;24;15;35;0;NO;SI;SI;;El centre indica que no té cap equipament d'excedent identificat.;;;;;;;;
2198954;8077851;"	INSTITUT ESCOLA DE TORRELL";BLL;17/12/2025;17/12/2025;29;29;22;4;29;29;SI;NO;;;;;;;;;;;
2198823;43010888;INSTITUT DE TECNIFICACIÓ;TEB;17/12/2025;17/12/2025;3;0;16;15;16;15;SI;NO;;;;;;;;;;;
2198814;43013142;INSTITUT ESCOLA EL TEMPLE;TEB;17/12/2025;17/12/2025;16;0;19;4;19;4;SI;NO;;;;;;;;;;;
2198967;8073171;INSTITUT LA RIERA;BNS;17/12/2025;17/12/2025;25;0;21;2;25;2;NO;SI;SI;;El centre ha lliurat l’equipament excedent a alumnat d’altres nivells.;Assessor BNS: recordatori enviar evalisa fet 15-1-26. Tenen 30 incidències pendents.;;;;;;;
2198953;8056985;INSTITUT RAMON BERENGUER IV;BNS;17/12/2025;17/12/2025;29;28;4;4;29;28;NO;NO;;;El centre ha lliurat l’equipament excedent a alumnat d’altres nivells.;;;;;;;;
2198951;8035301;INSTITUT DUC DE MONTBLANC;VOC;17/12/2025;17/12/2025;21;0;48;11;48;11;NO;;;;El centre ha lliurat l’equipament excedent a alumnat d’altres nivells.;(Rafa: S'ha de comprovar el nombre d'equips excedent que tenen);;;;;;;
2198950;8053169;INSTITUT MATADEPERA;VOC;17/12/2025;17/12/2025;13;0;49;10;49;10;NO;SI;SI;SI;El centre ha lliurat l’equipament excedent a alumnat d’altres nivells.;Evalises reclamades el 15 de gener;;;;;;;
2198901;8075281;INSTITUT BITÀCOLA;VOC;17/12/2025;17/12/2025;45;32;7;7;45;39;NO;SI;SI;SI;El centre ha lliurat l’equipament excedent a alumnat d’altres nivells.;Evalises reclamades el 15 de gener;;;;;;;
2198678;8076595;INSTITUT ESCOLA TERESA ALTET;VOC;17/12/2025;17/12/2025;83;36;17;17;83;53;NO;SI;SI;SI;El centre ha lliurat l’equipament excedent a alumnat d’altres nivells.;Evalises reclamades el 15 de gener;;;;;;;
2198781;43009850;INSTITUT ERNEST LLUCH I MARTÍ;PEN;18/12/2025;18/12/2025;12;0;30;10;30;10;NO;SI;;;El centre ha lliurat l’equipament excedent a alumnat d’altres nivells.;;;;;;;;
2198824;8061014;INSTITUT VINYET;PEN;18/12/2025;18/12/2025;14;14;16;4;16;18;NO;NO;;;El centre ha lliurat l’equipament excedent a alumnat d’altres nivells.;;;;;;;;
2198832;43012319;"Institut Escola El Perelló	";TEB;18/12/2025;18/12/2025;14;4;5;0;14;4;SI;SI;SI;SI;;;;;;;;;
2198904;8064911;INSTITUT VALÈRIA HALINÉ;BLL;18/12/2025;18/12/2025;49;45;1;1;49;45;NO;NO;;;El centre facilitattot l'equipament d'excedent i incidencia que tenen identificats.;;;;;;;;
2198960;8045860;INSTITUT MIRAMAR;CEB;18/12/2025;18/12/2025;28;28;7;0;28;28;SI;NO;;;;Aquest centre no correspon al CEB;;;;;;;
2198961;8053364;INSTITUT JOSEP MESTRES I BUSQUETS;CEB;18/12/2025;18/12/2025;26;20;20;5;26;20;NO;SI;;;El centre ha tingut 6 matricules vivas i ha  dotat aquests equips.;Aquest centre no correspon al CEB;;;;;;;
2198962;8054228;INSTITUT DOLORS ALEU;CEB;18/12/2025;18/12/2025;30;30;24;11;30;30;SI;NO;;;;;;;;;;;
2198969;8013202;INSTITUT MONTSERRAT;CEB;18/12/2025;18/12/2025;29;29;4;4;29;29;SI;NO;;;;;;;;;;;
2198833;8076479;INSTITUT ESCOLA SANT QUINTÍ DE MEDIONA;PEN;19/12/2025;19/12/2025;6;0;12;2;12;2;SI;NO;;;;;;;;;;;
2198841;8077009;INSTITUT ESCOLA CASTELL D'ÒDENA;PEN;19/12/2025;19/12/2025;8;0;11;10;11;10;SI;NO;;;;;;;;;;;
2275630;8044570;"	INSTITUT VALL D'ARÚS";BLL;19/12/2025;19/12/2025;65;65;30;30;65;65;SI;NO;;;;;;;;;;;
2198984;8013196;"	INSTITUT MILÀ I FONTANALS";CEB;12/1/2025;12/1/2025;28;14;13;0;28;14;NO;SI;SI;;El centre fa entrega de tot l'equipament d'excedent que té identificat.;;;;;;;;
2198983;8077952;INSTITUT ESCOLA PROJECTE;CEB;12/1/2025;12/1/2025;29;23;6;0;29;23;NO;SI;SI;;El centre fa entrega de tot l'equipament d'excedent que té identificat.;;;;;;;;
2198982;8026397;"	INSTITUT OLORDA";BLL;12/1/2025;12/1/2025;13;14;13;14;13;14;SI;NO;;;;;;;;;;;
2198981;8054198;"INSTITUT ESTANY DE LA RICARDA	";BLL;12/1/2025;12/1/2025;14;12;13;12;14;12;SI;NO;;;;;;;;;;;
2198842;43007580;INSTITUT DE L'ARBOÇ;PEN;12/1/2025;12/1/2025;10;0;2;0;10;0;NO;SI;;;El centre ha lliurat l’equipament excedent a alumnat d’altres nivells.;;;;;;;;
2198852;8064970;INSTITUT LA GIRADA;PEN;12/1/2025;12/1/2025;2;2;1;0;2;2;NO;NO;;;El centre ha lliurat l’equipament excedent a alumnat d’altres nivells.;;;;;;;;
2198851;43012307;INSTITUT ESCOLA DANIEL MANGRANÉ;TAR;12/1/2025;12/1/2025;8;0;2;2;8;2;NO;SI;;;El centre ha lliurat l’equipament excedent a alumnat d’altres nivells.;;;;;;;;
2198985;17006769;INSTITUT DE LLANÇÀ;GIR;12/1/2025;12/1/2025;20;0;8;7;8;7;SI;NO;;;;"Parlem amb Adria Sabater, coordinador TIC, nomes tenen els 7 equips d'incidencia, l'equip que falta d'incidencia funciona correctament, el van ficar d'incident per error, es aquest 254005066619	300e 2 N4120 8Gb 128Gb 11.6""";;;;;;;
2198977;8075712;INSTITUT LES CINC SÉNIES;MVO;12/1/2025;12/1/2025;58;0;25;24;58;24;NO;SI;;;El centre no te equipament excedent i nomes tenen 24 equips d'incidencia;;;;;;;;
2198979;17005731;INSTITUT S'AGULLA;GIR;12/1/2025;12/1/2025;23;21;7;7;23;28;NO;NO;;;El centre entrega mes equipament d'excedent;;;;;;;;
2198994;8040539;INSTITUT LES MARINES;BLL;13/1/2025;13/1/2025;12;12;0;0;12;12;SI;NO;;;;;;;;;;;
2198996;8023131;INSTITUT BALDIRI GUILERA;BLL;13/1/2025;13/1/2025;12;12;0;0;12;12;SI;NO;;;;;;;;;;;
2198997;8045513;INSTITUT FLOS I CALCAT;CEB;13/1/2025;13/1/2025;28;28;3;5;28;28;SI;NO;;;;;;;;;;;
2198998;8046608;INSTITUT PRÍNCEP DE VIANA;CEB;13/1/2025;13/1/2025;24;22;20;19;24;22;NO;NO;;;El centre indica que 2 equips d'incidència han estat robats i tenen denùncia posada.;;;;;;;;
2198861;43009977;INSTITUT D'ALTAFULLA;TAR;13/1/2025;13/1/2025;15;0;30;30;30;30;SI;NO;;;;;;;;;;;
2198872;43010608;INSTITUT SERRA DE MIRAMAR;TAR;13/1/2025;13/1/2025;11;0;17;17;17;17;NO;SI;;;Parlem amb Javier Ametller Borras i ens comenta que els equips que no ens emportem d'excedents (11), els tenen repartits entre els alumnes.;;;;;;;;
2198890;43009497;INSTITUT FONTS DEL GLORIETA;TAR;13/1/2025;13/1/2025;5;0;6;6;6;6;SI;NO;;;;;;;;;;;
2198993;17010839;INSTITUT DE PERALADA;GIR;13/1/2025;13/1/2025;15;3;6;0;15;3;NO;SI;;;Esther Pirirs, coordinadora informàtica, ens indica que podem retirar 3 equips excedents, al llistat apareix un equip d'incidencia pero ja se li va fer el canvi i ara es funcional.;;;;;;;;
2198992;8052906;INSTITUT LAURO;MVO;13/1/2025;13/1/2025;53;0;16;17;53;17;NO;SI;;;El centre no te excedent.;;;;;;;;
2198991;8061099;INSTITUT FONT DEL FERRO;MVO;13/1/2025;13/1/2025;55;0;5;9;55;0;NO;SI;;;El centre no te excedent i retirem mes incidencies de les previstes;;;;;;;;
2198990;8044612;INSTITUT TORRE DE MALLA;MVO;13/1/2025;13/1/2025;57;16;6;3;57;19;NO;SI;;;El centre no te mes excedents;;;;;;;;
2199008;8043589;INSTITUT SALVADOR DALÍ;BLL;14/1/2025;14/1/2025;12;12;4;4;12;12;SI;NO;;;;;;;;;;;
2199011;8046581;INSTITUT LLUÍS VIVES;CEB;14/1/2025;14/1/2025;21;6;16;6;21;6;NO;SI;SI;;El centre nomès te identicats els 6 equips d'incidencia como equipament d'excedent.;;;;;;;;
2199012;8077010;INSTITUT ESCOLA COVES D'EN CIMANY;CEB;14/1/2025;14/1/2025;20;17;2;0;20;17;NO;NO;;;El centre fa entrega de tot l'equipament d'excedent que té identificat.;;;;;;;;
2199007;17009801;INSTITUT ESCOLA SALVADOR VILARRASA;GIR;14/1/2025;14/1/2025;10;13;3;2;10;13;NO;NO;;;El centre ens dona excedents de mes;;;;;;;;
2199006;8046797;INSTITUT LAIA L'ARQUERA;MVO;14/1/2025;14/1/2025;46;0;39;42;42;42;NO;NO;;;El centre ens dona incidencies de mes, 254300043126, 254001600958 aquests saces son d'incidencia pero funcionan correctament;;;;;;;;
2199005;8060915;INSTITUT MARIA DE BELL-LLOC;MVO;14/1/2025;14/1/2025;50;0;30;24;50;24;NO;SI;;;El centre no te excedents, ens han donat 24 equips d'incidencia;;;;;;;;
2199004;17010815;INSTITUT ESCOLA VILA-ROMÀ;GIR;14/1/2025;14/1/2025;12;11;0;0;12;11;NO;NO;;;El centre dona tot l'excedent;;;;;;;;
2199003;8017931;INSTITUT ANTONI CUMELLA;MVO;14/1/2025;14/1/2025;52;42;51;4;52;46;NO;SI;;;El centre ens dona tot l'excedent i les incidencies que te;;;;;;;;
2199023;8071691;INSTITUT ESCOLA DEL PRAT;BLL;15/1/2025;15/1/2025;5;0;0;0;5;0;NO;SI;SI;SI;El centre indica que no disposa de cap equipament d'excedent.;;;;;;;;
2199026;8013159;INSTITUT INFANTA ISABEL D'ARAGÓ;CEB;15/1/2025;15/1/2025;16;11;12;0;16;11;NO;NO;;;El centre facilita tot l'equipament d'excedents que tenen identificats;;;;;;;;
2199027;8013238;INSTITUT VERDAGUER;CEB;15/1/2025;15/1/2025;9;0;3;0;9;0;NO;SI;SI;SI;El centre indica que no té equipament d'excdent perque els alumnes no l'nan tornat i esta denunciat.;Rafa: E-valisa de denúncia de 9 ordinadors;;;;;;;
2199022;17010803;INSTITUT ESCOLA VALL DE RIBES;GIR;15/1/2025;15/1/2025;10;0;5;5;10;5;NO;SI;;;El centre indica que no tenen excedents;;;;;;;;
2199021;8065421;INSTITUT MARTA MATA;MVO;15/1/2025;15/1/2025;41;0;1;0;41;0;NO;SI;;;El centre indica que no tenen excedents i l'equip d'incidencia no el troben.;;;;;;;;
2199020;8044594;INSTITUT GIOLA;MVO;15/1/2025;15/1/2025;44;19;13;8;44;27;NO;SI;;;El centre ens dona tot l'excedent i les incidencies que tenen;;;;;;;;
2199019;17010189;INSTITUT VALL DE LLÉMENA;GIR;15/1/2025;15/1/2025;10;1;5;0;10;1;NO;SI;;;El centre ens dona un equip excedent;;;;;;;;
2199018;17009813;INSTITUT ESCOLA MESTRE ANDREU;GIR;15/1/2025;15/1/2025;10;0;3;3;14;3;NO;SI;;;El centre indica que no tenen excedents;;;;;;;;
2199037;8077101;INSTITUT ESCOLA TRES FONTS DE LES CORTS;CEB;16/1/2025;16/1/2025;9;1;5;1;9;1;NO;SI;SI;;El centre nomès facilita 1 equipament d'excedent amb incidental.;;;;;;;;
2199038;8052581;INSTITUT MIQUEL TARRADELL;CEB;16/1/2025;16/1/2025;5;5;2;1;5;6;SI;NO;;;;;;;;;;;
2198912;8020620;INSTITUT POMPEU FABRA;BLL;19/1/2025;19/1/2025;43;37;41;37;43;37;NO;SI;;;El centre facilita tot l'equipament d'excedents i incidèncias que tenene disponibles.;;;;;;;;
2199043;8052608;INSTITUT PAU CLARIS;CEB;19/1/2025;19/1/2025;4;0;0;0;4;0;NO;NO;;;El centre indica que no té cap equipament d'excedent perque els té repartits als alumnes.;;;;;;;;
2199042;8065469;INSTITUT CAN RECORD;MVO;19/1/2025;19/1/2025;33;0;18;16;33;16;NO;SI;;;El centre no te equipament excedent, ens entregan les incidencies que tenen;;;;;;;;
2199041;8035234;INSTITUT VIL·LA ROMANA;MVO;19/1/2025;19/1/2025;35;0;33;21;35;21;NO;SI;;;El centre no te equipament excedent, ens entregan les incidencies que tenen;;;;;;;;
2199040;8076534;INSTITUT ESCOLA MONTAGUT;MVO;19/1/2025;19/1/2025;36;16;30;0;36;16;NO;SI;;;El centre no te equipament d'incidencia.;;;;;;;;
2199039;17002387;INSTITUT MONTSACOPA;GIR;19/1/2025;19/1/2025;39;20;18;18;39;38;NO;NO;;;El centre entrega menys equipament, li falta per entregar el SACE: 254005244978 per robatori;;;;;;;;
2279244;8041866;"	INSTITUT EL CALAMOT";BLL;20/1/2025;20/1/2025;56;56;0;0;56;56;SI;NO;;;;;;;;;;;
2199047;8062808;INSTITUT ESTEVE ALBERT;MVO;20/1/2025;20/1/2025;26;4;22;22;26;26;SI;NO;;;;;;;;;;;
2199046;8046852;INSTITUT LLAVANERES;MVO;20/1/2025;20/1/2025;27;92;2;0;27;92;NO;NO;;;El centre ens dona molt mes equipament excedent pero no troben l'equip d'incidencia;;;;;;;;
2199045;8053017;INSTITUT VALERIÀ PUJOL I BOSCH;MVO;20/1/2025;20/1/2025;28;24;13;13;28;37;NO;NO;;;;;;;;;;;
2199052;8046864;INSTITUT BELLULLA;MVO;21/1/2025;21/1/2025;22;11;11;11;22;22;SI;NO;;;;;;;;;;;
2199051;8065411;INSTITUT AIGUAVIVA;MVO;21/1/2025;21/1/2025;23;23;11;0;23;23;SI;NO;;;;;;;;;;;
2199050;8077782;INSTITUT ESCOLA MIQUEL MARTÍ I POL;MVO;21/1/2025;21/1/2025;24;12;3;2;24;14;NO;SI;;;El centre es vol quedar 2 equips excedents i 1 d'incidencia.;;;;;;;;
2198978;17010840;INSTITUT LA SUREDA;GIR;21/1/2025;21/1/2025;25;0;10;0;25;0;NO;SI;;;El centre no te material ni d'incidencia ni d'excedent.;;;;;;;;
2199057;8043486;INSTITUT MANOLO HUGUÉ;MVO;22/1/2025;22/1/2025;16;17;4;1;16;18;NO;NO;;;El centre ens dona mes material del previst;;;;;;;;
2199055;8077368;INS ESC CALDES DE MONTBUI;MVO;22/1/2025;22/1/2025;21;0;15;15;21;15;NO;SI;;;El centre ha denunciat que un equip esta desparegut;;;;;;;;
;;;;;;;;;;;;;;;;;;;;;;;;
;;;;;;;;;;;;;;;;;;;;;;;;
;;;;;;;;;;;;;;;;;;;;;;;;
;;;;;;;;;;;;;;;;;;;;;;;;
;;;;;;;;;;;;;;;;;;;;;;;;
;;;;;;;;;;;;;;;;;;;;;;;;
;;;;;;;;;;;;;;;;;;;;;;;;
;;;;;;;;;;;;;;;;;;;;;;;;
;;;;;;;;;;;;;;;;;;;;;;;;
;;;;;;;;;;;;;;;;;;;;;;;;
;;;;;;;;;;;;;;;;;;;;;;;;
;;;;;;;;;;;;;;;;;;;;;;;;
;;;;;;;;;;;;;;;;;;;;;;;;
;;;;;;;;;;;;;;;;;;;;;;;;
;;;;;;;;;;;;;;;;;;;;;;;;
;;;;;;;;;;;;;;;;;;;;;;;;
;;;;;;;;;;;;;;;;;;;;;;;;
;;;;;;;;;;;;;;;;;;;;;;;;
;;;;;;;;;;;;;;;;;;;;;;;;
;;;;;;;;;;;;;;;;;;;;;;;;
;;;;;;;;;;;;;;;;;;;;;;;;
;;;;;;;;;;;;;;;;;;;;;;;;
;;;;;;;;;;;;;;;;;;;;;;;;
;;;;;;;;;;;;;;;;;;;;;;;;
;;;;;;;;;;;;;;;;;;;;;;;;
;;;;;;;;;;;;;;;;;;;;;;;;
;;;;;;;;;;;;;;;;;;;;;;;;
;;;;;;;;;;;;;;;;;;;;;;;;
;;;;;;;;;;;;;;;;;;;;;;;;
;;;;;;;;;;;;;;;;;;;;;;;;
;;;;;;;;;;;;;;;;;;;;;;;;
;;;;;;;;;;;;;;;;;;;;;;;;
;;;;;;;;;;;;;;;;;;;;;;;;
;;;;;;;;;;;;;;;;;;;;;;;;
;;;;;;;;;;;;;;;;;;;;;;;;
;;;;;;;;;;;;;;;;;;;;;;;;
;;;;;;;;;;;;;;;;;;;;;;;;
;;;;;;;;;;;;;;;;;;;;;;;;
;;;;;;;;;;;;;;;;;;;;;;;;
;;;;;;;;;;;;;;;;;;;;;;;;
;;;;;;;;;;;;;;;;;;;;;;;;
;;;;;;;;;;;;;;;;;;;;;;;;
;;;;;;;;;;;;;;;;;;;;;;;;
;;;;;;;;;;;;;;;;;;;;;;;;
;;;;;;;;;;;;;;;;;;;;;;;;
;;;;;;;;;;;;;;;;;;;;;;;;
;;;;;;;;;;;;;;;;;;;;;;;;
;;;;;;;;;;;;;;;;;;;;;;;;
;;;;;;;;;;;;;;;;;;;;;;;;
;;;;;;;;;;;;;;;;;;;;;;;;
;;;;;;;;;;;;;;;;;;;;;;;;
;;;;;;;;;;;;;;;;;;;;;;;;
;;;;;;;;;;;;;;;;;;;;;;;;
;;;;;;;;;;;;;;;;;;;;;;;;
;;;;;;;;;;;;;;;;;;;;;;;;
;;;;;;;;;;;;;;;;;;;;;;;;
;;;;;;;;;;;;;;;;;;;;;;;;
;;;;;;;;;;;;;;;;;;;;;;;;
;;;;;;;;;;;;;;;;;;;;;;;;
;;;;;;;;;;;;;;;;;;;;;;;;
;;;;;;;;;;;;;;;;;;;;;;;;
;;;;;;;;;;;;;;;;;;;;;;;;
;;;;;;;;;;;;;;;;;;;;;;;;
;;;;;;;;;;;;;;;;;;;;;;;;
;;;;;;;;;;;;;;;;;;;;;;;;
;;;;;;;;;;;;;;;;;;;;;;;;
;;;;;;;;;;;;;;;;;;;;;;;;
;;;;;;;;;;;;;;;;;;;;;;;;
;;;;;;;;;;;;;;;;;;;;;;;;
;;;;;;;;;;;;;;;;;;;;;;;;
;;;;;;;;;;;;;;;;;;;;;;;;
;;;;;;;;;;;;;;;;;;;;;;;;
;;;;;;;;;;;;;;;;;;;;;;;;
;;;;;;;;;;;;;;;;;;;;;;;;
;;;;;;;;;;;;;;;;;;;;;;;;
;;;;;;;;;;;;;;;;;;;;;;;;
;;;;;;;;;;;;;;;;;;;;;;;;
;;;;;;;;;;;;;;;;;;;;;;;;
;;;;;;;;;;;;;;;;;;;;;;;;
;;;;;;;;;;;;;;;;;;;;;;;;
;;;;;;;;;;;;;;;;;;;;;;;;
;;;;;;;;;;;;;;;;;;;;;;;;
;;;;;;;;;;;;;;;;;;;;;;;;
;;;;;;;;;;;;;;;;;;;;;;;;
;;;;;;;;;;;;;;;;;;;;;;;;
;;;;;;;;;;;;;;;;;;;;;;;;
;;;;;;;;;;;;;;;;;;;;;;;;
;;;;;;;;;;;;;;;;;;;;;;;;
;;;;;;;;;;;;;;;;;;;;;;;;
;;;;;;;;;;;;;;;;;;;;;;;;
;;;;;;;;;;;;;;;;;;;;;;;;
;;;;;;;;;;;;;;;;;;;;;;;;
;;;;;;;;;;;;;;;;;;;;;;;;
;;;;;;;;;;;;;;;;;;;;;;;;
;;;;;;;;;;;;;;;;;;;;;;;;
;;;;;;;;;;;;;;;;;;;;;;;;
;;;;;;;;;;;;;;;;;;;;;;;;
;;;;;;;;;;;;;;;;;;;;;;;;
;;;;;;;;;;;;;;;;;;;;;;;;
;;;;;;;;;;;;;;;;;;;;;;;;
;;;;;;;;;;;;;;;;;;;;;;;;
;;;;;;;;;;;;;;;;;;;;;;;;
;;;;;;;;;;;;;;;;;;;;;;;;
;;;;;;;;;;;;;;;;;;;;;;;;
;;;;;;;;;;;;;;;;;;;;;;;;
;;;;;;;;;;;;;;;;;;;;;;;;
;;;;;;;;;;;;;;;;;;;;;;;;
;;;;;;;;;;;;;;;;;;;;;;;;
;;;;;;;;;;;;;;;;;;;;;;;;
;;;;;;;;;;;;;;;;;;;;;;;;
;;;;;;;;;;;;;;;;;;;;;;;;
;;;;;;;;;;;;;;;;;;;;;;;;
;;;;;;;;;;;;;;;;;;;;;;;;
;;;;;;;;;;;;;;;;;;;;;;;;
;;;;;;;;;;;;;;;;;;;;;;;;
;;;;;;;;;;;;;;;;;;;;;;;;
;;;;;;;;;;;;;;;;;;;;;;;;
